3,7,3,7,0.31305903398926654
21,148,4,6,6.618962432915922
42,302,3,7,13.506261180679784
64,422,5,5,18.872987477638638
86,495,2,8,22.137745974955276
108,554,5,5,24.776386404293383
129,649,2,8,29.02504472271914
150,754,7,3,33.72093023255814
172,830,5,5,37.119856887298745
194,914,3,7,40.87656529516995
216,988,4,6,44.18604651162791
238,1056,5,5,47.227191413237925
260,1082,5,5,48.38998211091234
282,1110,7,3,49.642218246869405
304,1135,5,5,50.76028622540251
326,1153,4,6,51.56529516994633
348,1176,4,6,52.59391771019678
370,1201,4,6,53.71198568872988
392,1221,3,7,54.60644007155635
413,1251,4,6,55.948121645796064
435,1284,7,3,57.42397137745975
457,1318,8,1,58.94454382826476
479,1326,5,4,59.30232558139535
501,1344,5,4,60.10733452593918
523,1367,3,6,61.135957066189626
545,1389,5,4,62.11985688729875
567,1406,5,4,62.88014311270125
589,1429,2,7,63.90876565295171
610,1440,3,6,64.40071556350627
632,1462,4,5,65.38461538461539
654,1487,2,7,66.50268336314849
676,1503,1,8,67.21824686940965
698,1519,5,4,67.93381037567084
720,1539,2,7,68.82826475849731
742,1566,4,5,70.03577817531306
764,1574,2,7,70.39355992844365
786,1575,3,6,70.43828264758497
808,1575,2,7,70.43828264758497
829,1583,3,6,70.79606440071557
851,1588,2,7,71.01967799642217
873,1598,3,6,71.46690518783542
895,1618,5,4,72.3613595706619
917,1629,4,5,72.85330948121646
939,1631,6,3,72.94275491949911
961,1636,2,7,73.16636851520573
983,1641,5,4,73.38998211091234
1005,1644,4,5,73.52415026833631
1027,1665,1,8,74.46332737030411
1048,1682,2,7,75.22361359570662
1070,1699,5,4,75.98389982110912
1092,1710,4,5,76.47584973166369
1114,1714,3,6,76.65474060822898
1136,1732,2,7,77.4597495527728
1158,1745,3,6,78.04114490161001
1180,1749,3,6,78.22003577817532
1202,1756,4,5,78.53309481216458
1224,1757,3,6,78.57781753130591
1246,1765,4,5,78.93559928443649
1268,1789,1,8,80.00894454382826
1290,1805,5,4,80.72450805008945
1312,1814,3,6,81.12701252236137
1334,1817,1,8,81.26118067978533
1356,1826,4,5,81.66368515205724
1377,1833,2,7,81.97674418604652
1399,1846,4,5,82.55813953488372
1421,1771,5,3,79.20393559928443
1443,1776,0,8,79.42754919499106
1465,1788,2,6,79.96422182468694
1487,1809,4,4,80.90339892665475
1509,1815,3,5,81.17173524150269
1531,1817,5,3,81.26118067978533
1553,1817,4,4,81.26118067978533
1575,1818,3,4,81.30590339892666
1597,1830,3,4,81.84257602862253
1619,1838,6,1,82.20035778175313
1641,1847,3,4,82.60286225402504
1663,1850,5,2,82.73703041144901
1685,1855,6,1,82.96064400715564
1707,1855,3,4,82.96064400715564
1728,1858,4,3,83.09481216457961
1750,1861,2,5,83.22898032200358
1772,1864,4,3,83.36314847942755
1794,1873,3,4,83.76565295169947
1816,1878,1,6,83.98926654740609
1838,1880,3,4,84.07871198568873
1860,1880,4,3,84.07871198568873
1882,1884,2,5,84.25760286225402
1904,1880,3,3,84.07871198568873
1926,1880,1,5,84.07871198568873
1947,1881,1,5,84.12343470483006
1969,1881,5,1,84.12343470483006
1991,1881,0,6,84.12343470483006
2012,1881,2,4,84.12343470483006
2034,1884,1,5,84.25760286225402
2056,1885,1,5,84.30232558139535
2078,1893,3,3,84.66010733452593
2100,1895,3,3,84.74955277280858
2122,1895,2,4,84.74955277280858
2144,1895,2,4,84.74955277280858
2166,1895,4,2,84.74955277280858
2188,1901,3,3,85.01788908765653
2210,1902,3,3,85.06261180679785
2232,1902,4,2,85.06261180679785
2254,1902,3,3,85.06261180679785
2276,1903,4,2,85.10733452593918
2298,1903,4,2,85.10733452593918
2320,1903,1,5,85.10733452593918
2342,1905,5,1,85.19677996422182
2364,1906,3,3,85.24150268336315
2386,1908,3,3,85.3309481216458
2408,1908,3,3,85.3309481216458
2430,1896,3,2,84.79427549194992
2452,1897,3,2,84.83899821109124
2474,1898,2,3,84.88372093023256
2496,1898,4,1,84.88372093023256
2518,1898,4,1,84.88372093023256
2539,1898,2,3,84.88372093023256
2561,1898,4,1,84.88372093023256
2583,1898,3,2,84.88372093023256
2605,1898,2,3,84.88372093023256
2627,1898,4,1,84.88372093023256
2649,1898,3,2,84.88372093023256
2671,1898,3,2,84.88372093023256
2693,1898,3,2,84.88372093023256
2715,1898,3,2,84.88372093023256
2737,1898,3,2,84.88372093023256
2759,1898,3,2,84.88372093023256
2781,1899,1,4,84.92844364937389
2803,1899,4,1,84.92844364937389
2825,1899,2,3,84.92844364937389
2847,1899,2,3,84.92844364937389
2869,1900,2,3,84.97316636851521
2891,1901,4,1,85.01788908765653
2913,1901,2,3,85.01788908765653
2935,1901,3,2,85.01788908765653
2957,1902,1,4,85.06261180679785
2979,1902,3,2,85.06261180679785
3000,1902,3,2,85.06261180679785
3022,1902,3,2,85.06261180679785
3044,1902,5,0,85.06261180679785
3066,1902,1,4,85.06261180679785
3088,1902,4,1,85.06261180679785
3110,1902,4,1,85.06261180679785
3132,1904,2,3,85.1520572450805
3154,1905,0,5,85.19677996422182
3176,1906,2,3,85.24150268336315
3198,1906,3,2,85.24150268336315
3220,1907,3,2,85.28622540250447
3242,1909,1,4,85.37567084078712
3264,1909,0,5,85.37567084078712
3286,1909,1,4,85.37567084078712
3308,1909,3,2,85.37567084078712
3330,1910,1,4,85.42039355992844
3351,1910,1,4,85.42039355992844
3373,1910,1,4,85.42039355992844
3395,1912,1,4,85.5098389982111
3416,1912,4,1,85.5098389982111
3438,1912,3,2,85.5098389982111
3460,1912,2,3,85.5098389982111
3482,1912,3,2,85.5098389982111
3504,1912,2,3,85.5098389982111
3526,1912,3,2,85.5098389982111
3548,1912,1,4,85.5098389982111
3570,1912,2,3,85.5098389982111
3592,1912,1,4,85.5098389982111
3614,1912,3,2,85.5098389982111
3636,1912,1,4,85.5098389982111
3658,1912,2,3,85.5098389982111
3680,1912,4,1,85.5098389982111
3702,1912,1,4,85.5098389982111
3724,1912,2,3,85.5098389982111
3746,1915,3,2,85.64400715563507
3768,1915,2,3,85.64400715563507
3790,1915,3,2,85.64400715563507
3812,1915,3,2,85.64400715563507
3834,1915,2,3,85.64400715563507
3856,1915,3,2,85.64400715563507
3878,1915,3,2,85.64400715563507
3900,1915,2,3,85.64400715563507
3922,1915,2,3,85.64400715563507
3944,1915,2,3,85.64400715563507
3965,1915,3,2,85.64400715563507
3987,1915,3,2,85.64400715563507
4009,1915,3,2,85.64400715563507
4031,1915,4,1,85.64400715563507
4053,1915,3,2,85.64400715563507
4075,1915,4,1,85.64400715563507
4097,1915,3,2,85.64400715563507
4119,1915,3,2,85.64400715563507
4141,1915,3,2,85.64400715563507
4163,1915,2,3,85.64400715563507
4185,1915,1,4,85.64400715563507
4207,1915,1,4,85.64400715563507
4229,1915,2,3,85.64400715563507
4251,1915,1,4,85.64400715563507
4273,1915,3,2,85.64400715563507
4295,1915,3,2,85.64400715563507
4316,1915,2,3,85.64400715563507
4338,1915,2,3,85.64400715563507
4360,1915,1,4,85.64400715563507
4382,1915,1,4,85.64400715563507
4404,1915,3,2,85.64400715563507
4426,1915,4,1,85.64400715563507
4448,1915,4,1,85.64400715563507
4469,1915,3,2,85.64400715563507
4491,1916,3,2,85.68872987477639
4513,1916,1,4,85.68872987477639
4535,1919,0,5,85.82289803220036
4557,1919,1,4,85.82289803220036
4579,1919,2,3,85.82289803220036
4601,1919,4,1,85.82289803220036
4623,1919,3,2,85.82289803220036
4645,1919,2,3,85.82289803220036
4667,1919,3,2,85.82289803220036
4689,1919,2,3,85.82289803220036
4711,1919,1,4,85.82289803220036
4733,1920,0,5,85.86762075134168
4754,1920,3,2,85.86762075134168
4776,1920,3,2,85.86762075134168
4798,1920,0,5,85.86762075134168
4820,1920,2,3,85.86762075134168
4842,1920,2,3,85.86762075134168
4863,1920,2,2,85.86762075134168
4885,1920,3,1,85.86762075134168
4907,1920,2,2,85.86762075134168
4929,1920,2,2,85.86762075134168
4951,1920,1,3,85.86762075134168
4973,1920,2,2,85.86762075134168
4995,1920,2,2,85.86762075134168
5017,1920,4,0,85.86762075134168
5038,1920,3,1,85.86762075134168
5060,1921,0,4,85.91234347048301
5081,1921,2,2,85.91234347048301
5103,1921,3,1,85.91234347048301
5125,1921,2,2,85.91234347048301
5147,1921,1,3,85.91234347048301
5169,1923,2,2,86.00178890876565
5191,1923,4,0,86.00178890876565
5213,1923,2,2,86.00178890876565
5235,1923,1,3,86.00178890876565
5257,1923,2,2,86.00178890876565
5279,1923,1,3,86.00178890876565
5301,1923,0,4,86.00178890876565
5323,1923,2,2,86.00178890876565
5345,1923,3,1,86.00178890876565
5367,1923,2,2,86.00178890876565
5389,1923,3,1,86.00178890876565
5411,1923,3,1,86.00178890876565
5432,1923,4,0,86.00178890876565
5454,1923,2,2,86.00178890876565
5476,1923,4,0,86.00178890876565
5498,1923,3,1,86.00178890876565
5520,1923,4,0,86.00178890876565
5542,1923,0,4,86.00178890876565
5564,1923,2,2,86.00178890876565
5586,1923,3,1,86.00178890876565
5608,1923,2,2,86.00178890876565
5630,1923,2,2,86.00178890876565
5652,1923,2,2,86.00178890876565
5674,1923,4,0,86.00178890876565
5696,1923,1,3,86.00178890876565
5718,1923,2,2,86.00178890876565
5740,1923,3,1,86.00178890876565
5761,1923,3,1,86.00178890876565
5783,1923,3,1,86.00178890876565
5805,1923,4,0,86.00178890876565
5827,1923,2,2,86.00178890876565
5849,1923,2,2,86.00178890876565
5871,1923,2,2,86.00178890876565
5893,1923,2,2,86.00178890876565
5915,1923,2,2,86.00178890876565
5937,1923,3,1,86.00178890876565
5959,1923,2,2,86.00178890876565
5981,1923,2,2,86.00178890876565
6003,1923,1,3,86.00178890876565
6025,1923,3,1,86.00178890876565
6047,1923,1,3,86.00178890876565
6069,1923,2,2,86.00178890876565
6091,1923,4,0,86.00178890876565
6112,1923,2,2,86.00178890876565
6134,1923,1,3,86.00178890876565
6156,1923,2,2,86.00178890876565
6178,1923,4,0,86.00178890876565
6200,1923,2,2,86.00178890876565
6222,1923,1,3,86.00178890876565
6244,1923,4,0,86.00178890876565
6266,1923,1,3,86.00178890876565
6288,1923,4,0,86.00178890876565
6310,1923,3,1,86.00178890876565
6332,1923,3,1,86.00178890876565
6354,1923,1,3,86.00178890876565
6376,1923,2,2,86.00178890876565
6398,1923,3,1,86.00178890876565
6420,1923,4,0,86.00178890876565
6442,1923,2,2,86.00178890876565
6464,1923,1,3,86.00178890876565
6486,1923,2,2,86.00178890876565
6508,1923,3,1,86.00178890876565
6530,1923,1,3,86.00178890876565
6551,1923,1,3,86.00178890876565
6573,1923,1,3,86.00178890876565
6595,1923,4,0,86.00178890876565
6617,1923,1,3,86.00178890876565
6639,1924,3,1,86.04651162790698
6661,1924,2,2,86.04651162790698
6683,1924,1,3,86.04651162790698
6705,1924,2,2,86.04651162790698
6727,1924,2,2,86.04651162790698
6749,1924,1,3,86.04651162790698
6771,1924,3,1,86.04651162790698
6793,1924,2,2,86.04651162790698
6815,1924,3,1,86.04651162790698
6837,1924,2,2,86.04651162790698
6859,1924,2,2,86.04651162790698
6881,1924,4,0,86.04651162790698
6903,1924,2,2,86.04651162790698
6925,1924,2,2,86.04651162790698
6947,1924,2,2,86.04651162790698
6969,1924,1,3,86.04651162790698
6991,1924,1,3,86.04651162790698
7013,1924,3,1,86.04651162790698
7034,1924,3,1,86.04651162790698
7056,1924,2,2,86.04651162790698
7078,1924,2,2,86.04651162790698
7100,1924,3,1,86.04651162790698
7122,1924,2,2,86.04651162790698
7144,1924,2,2,86.04651162790698
7166,1924,1,3,86.04651162790698
7188,1924,4,0,86.04651162790698
7210,1924,1,3,86.04651162790698
7232,1924,0,4,86.04651162790698
7254,1924,2,2,86.04651162790698
7276,1924,2,2,86.04651162790698
7298,1924,2,2,86.04651162790698
7320,1924,2,2,86.04651162790698
7342,1924,0,4,86.04651162790698
7364,1924,4,0,86.04651162790698
7385,1924,2,2,86.04651162790698
7407,1924,1,3,86.04651162790698
7429,1924,1,3,86.04651162790698
7451,1924,3,1,86.04651162790698
7473,1924,3,1,86.04651162790698
7495,1924,4,0,86.04651162790698
7517,1924,1,3,86.04651162790698
7538,1917,0,3,85.73345259391772
7560,1917,2,1,85.73345259391772
7581,1917,2,1,85.73345259391772
7603,1917,1,2,85.73345259391772
7625,1917,1,2,85.73345259391772
7647,1917,2,1,85.73345259391772
7669,1917,1,2,85.73345259391772
7691,1917,2,1,85.73345259391772
7712,1917,0,3,85.73345259391772
7734,1917,2,1,85.73345259391772
7756,1917,1,2,85.73345259391772
7778,1917,2,1,85.73345259391772
7800,1917,2,1,85.73345259391772
7822,1917,2,1,85.73345259391772
7844,1917,2,1,85.73345259391772
7866,1917,2,1,85.73345259391772
7888,1917,1,2,85.73345259391772
7910,1917,1,2,85.73345259391772
7932,1917,0,3,85.73345259391772
7954,1917,1,2,85.73345259391772
7976,1917,0,3,85.73345259391772
7998,1917,2,1,85.73345259391772
8020,1917,2,1,85.73345259391772
8042,1917,2,1,85.73345259391772
8064,1917,2,1,85.73345259391772
8085,1917,1,2,85.73345259391772
8107,1917,1,2,85.73345259391772
8129,1917,2,1,85.73345259391772
8151,1917,2,1,85.73345259391772
8173,1917,0,3,85.73345259391772
8195,1917,2,1,85.73345259391772
8217,1917,0,3,85.73345259391772
8239,1917,2,1,85.73345259391772
8261,1917,1,2,85.73345259391772
8283,1917,2,1,85.73345259391772
8305,1917,3,0,85.73345259391772
8327,1917,1,2,85.73345259391772
8349,1917,1,2,85.73345259391772
8371,1917,1,2,85.73345259391772
8392,1917,2,1,85.73345259391772
8414,1917,1,2,85.73345259391772
8436,1917,2,1,85.73345259391772
8457,1917,1,2,85.73345259391772
8479,1917,1,2,85.73345259391772
8501,1917,0,3,85.73345259391772
8523,1917,2,1,85.73345259391772
8545,1917,1,2,85.73345259391772
8567,1917,0,3,85.73345259391772
8589,1917,1,2,85.73345259391772
8611,1917,2,1,85.73345259391772
8633,1917,2,1,85.73345259391772
8655,1917,2,1,85.73345259391772
8677,1917,0,3,85.73345259391772
8699,1917,0,3,85.73345259391772
8721,1917,2,1,85.73345259391772
8743,1917,1,2,85.73345259391772
8765,1917,1,2,85.73345259391772
8787,1917,1,2,85.73345259391772
8809,1917,2,1,85.73345259391772
8830,1917,2,1,85.73345259391772
8852,1917,2,1,85.73345259391772
8873,1917,1,2,85.73345259391772
8895,1917,1,2,85.73345259391772
8917,1917,0,3,85.73345259391772
8938,1917,0,3,85.73345259391772
8960,1917,1,2,85.73345259391772
8982,1917,1,2,85.73345259391772
9004,1917,1,2,85.73345259391772
9025,1917,1,2,85.73345259391772
9047,1917,2,1,85.73345259391772
9069,1917,3,0,85.73345259391772
9091,1917,2,1,85.73345259391772
9113,1917,1,2,85.73345259391772
9135,1917,2,1,85.73345259391772
9157,1917,1,2,85.73345259391772
9179,1917,3,0,85.73345259391772
9201,1917,3,0,85.73345259391772
9223,1918,1,2,85.77817531305904
9245,1918,0,3,85.77817531305904
9267,1918,1,2,85.77817531305904
9289,1918,1,2,85.77817531305904
9310,1918,1,2,85.77817531305904
9332,1918,1,2,85.77817531305904
9354,1918,3,0,85.77817531305904
9376,1918,1,2,85.77817531305904
9398,1918,2,1,85.77817531305904
9420,1918,3,0,85.77817531305904
9441,1918,0,3,85.77817531305904
9463,1918,1,2,85.77817531305904
9485,1918,0,3,85.77817531305904
9507,1918,1,2,85.77817531305904
9529,1918,1,2,85.77817531305904
9551,1918,3,0,85.77817531305904
9573,1918,3,0,85.77817531305904
9595,1918,1,2,85.77817531305904
9617,1918,2,1,85.77817531305904
9639,1918,2,1,85.77817531305904
9661,1918,3,0,85.77817531305904
9683,1918,2,1,85.77817531305904
9705,1918,1,2,85.77817531305904
9727,1918,2,1,85.77817531305904
9749,1918,1,2,85.77817531305904
9771,1918,1,2,85.77817531305904
9792,1919,2,1,85.82289803220036
9814,1919,1,2,85.82289803220036
9836,1919,2,1,85.82289803220036
9858,1919,2,1,85.82289803220036
9880,1919,1,2,85.82289803220036
9902,1919,2,1,85.82289803220036
9923,1919,1,2,85.82289803220036
9945,1919,2,1,85.82289803220036
9967,1919,2,1,85.82289803220036
9989,1919,2,1,85.82289803220036
10011,1919,2,1,85.82289803220036
10033,1919,2,1,85.82289803220036
10055,1919,3,0,85.82289803220036
10077,1919,3,0,85.82289803220036
10099,1919,1,2,85.82289803220036
10121,1919,1,2,85.82289803220036
10143,1919,0,3,85.82289803220036
10165,1919,2,1,85.82289803220036
10187,1919,2,1,85.82289803220036
10209,1919,2,1,85.82289803220036
10231,1919,3,0,85.82289803220036
10253,1919,2,1,85.82289803220036
10274,1919,1,2,85.82289803220036
10296,1919,3,0,85.82289803220036
10318,1919,3,0,85.82289803220036
10340,1919,1,2,85.82289803220036
10362,1919,3,0,85.82289803220036
10384,1919,0,3,85.82289803220036
10406,1919,2,1,85.82289803220036
10428,1919,0,3,85.82289803220036
10450,1919,2,1,85.82289803220036
10472,1919,2,1,85.82289803220036
10494,1919,0,3,85.82289803220036
10516,1919,2,1,85.82289803220036
10538,1919,2,1,85.82289803220036
10559,1919,2,1,85.82289803220036
10581,1919,3,0,85.82289803220036
10603,1920,2,1,85.86762075134168
10625,1920,2,1,85.86762075134168
10647,1920,0,3,85.86762075134168
10669,1920,2,1,85.86762075134168
10691,1920,2,1,85.86762075134168
10713,1920,2,1,85.86762075134168
10735,1920,3,0,85.86762075134168
10757,1920,2,1,85.86762075134168
10779,1920,1,2,85.86762075134168
10801,1920,3,0,85.86762075134168
10823,1920,3,0,85.86762075134168
10845,1920,1,2,85.86762075134168
10866,1920,3,0,85.86762075134168
10888,1920,1,2,85.86762075134168
10910,1920,1,2,85.86762075134168
10932,1920,1,2,85.86762075134168
10954,1920,2,1,85.86762075134168
10976,1920,2,1,85.86762075134168
10998,1920,2,1,85.86762075134168
11020,1920,2,1,85.86762075134168
11042,1920,2,1,85.86762075134168
11064,1920,3,0,85.86762075134168
11085,1920,1,2,85.86762075134168
11107,1920,0,3,85.86762075134168
11129,1920,2,1,85.86762075134168
11150,1920,2,1,85.86762075134168
11172,1920,2,1,85.86762075134168
11193,1920,3,0,85.86762075134168
11214,1921,1,2,85.91234347048301
11236,1921,1,2,85.91234347048301
11258,1921,0,3,85.91234347048301
11280,1921,1,2,85.91234347048301
11302,1921,0,3,85.91234347048301
11324,1921,1,2,85.91234347048301
11346,1921,2,1,85.91234347048301
11368,1921,1,2,85.91234347048301
11390,1921,1,2,85.91234347048301
11412,1921,1,2,85.91234347048301
11434,1921,2,1,85.91234347048301
11456,1921,1,2,85.91234347048301
11477,1921,1,2,85.91234347048301
11499,1922,0,3,85.95706618962433
11521,1924,1,2,86.04651162790698
11543,1924,0,3,86.04651162790698
11565,1924,2,1,86.04651162790698
11587,1924,3,0,86.04651162790698
11608,1924,1,2,86.04651162790698
11630,1924,3,0,86.04651162790698
11652,1924,2,1,86.04651162790698
11674,1925,1,2,86.0912343470483
11696,1926,1,2,86.13595706618963
11718,1926,1,2,86.13595706618963
11740,1926,1,2,86.13595706618963
11762,1926,1,2,86.13595706618963
11784,1926,2,1,86.13595706618963
11806,1926,2,1,86.13595706618963
11828,1926,2,1,86.13595706618963
11850,1926,1,2,86.13595706618963
11871,1926,1,2,86.13595706618963
11893,1926,1,2,86.13595706618963
11915,1926,3,0,86.13595706618963
11937,1926,2,1,86.13595706618963
11959,1926,0,3,86.13595706618963
11981,1929,2,1,86.27012522361359
12003,1929,1,2,86.27012522361359
12025,1929,0,3,86.27012522361359
12047,1931,1,2,86.35957066189624
12068,1932,0,3,86.40429338103756
12090,1932,0,3,86.40429338103756
12112,1932,1,2,86.40429338103756
12134,1932,3,0,86.40429338103756
12156,1932,0,3,86.40429338103756
12178,1932,2,1,86.40429338103756
12200,1932,1,2,86.40429338103756
12222,1933,3,0,86.4490161001789
12244,1933,1,2,86.4490161001789
12266,1933,1,2,86.4490161001789
12288,1933,1,2,86.4490161001789
12309,1933,1,2,86.4490161001789
12331,1933,1,2,86.4490161001789
12352,1933,1,2,86.4490161001789
12374,1934,1,2,86.49373881932021
12395,1936,1,2,86.58318425760287
12417,1936,1,2,86.58318425760287
12439,1936,2,1,86.58318425760287
12461,1936,1,2,86.58318425760287
12483,1942,2,1,86.8515205724508
12505,1943,1,2,86.89624329159213
12527,1947,1,2,87.07513416815742
12549,1959,1,2,87.6118067978533
12571,1968,2,1,88.01431127012522
12593,1972,2,1,88.19320214669052
12615,1988,1,2,88.9087656529517
12637,1999,3,0,89.40071556350627
12659,2018,1,2,90.25044722719142
12680,2026,1,2,90.608228980322
12702,2034,1,2,90.96601073345259
12724,2034,3,0,90.96601073345259
12746,2034,2,1,90.96601073345259
12768,2034,1,2,90.96601073345259
12790,2034,2,1,90.96601073345259
12812,2034,1,2,90.96601073345259
12834,2034,1,2,90.96601073345259
12856,2035,2,1,91.01073345259391
12878,2035,1,2,91.01073345259391
12900,2035,1,2,91.01073345259391
12922,2036,2,1,91.05545617173524
12944,2036,1,2,91.05545617173524
12966,2036,1,2,91.05545617173524
12988,2036,1,2,91.05545617173524
13009,2036,1,2,91.05545617173524
13031,2036,2,1,91.05545617173524
13053,2037,1,2,91.10017889087658
13075,2041,1,2,91.27906976744185
13097,2043,2,1,91.3685152057245
13119,2044,1,2,91.41323792486583
13141,2044,1,2,91.41323792486583
13162,2044,0,3,91.41323792486583
13184,2044,0,3,91.41323792486583
13206,2044,0,3,91.41323792486583
13228,2044,3,0,91.41323792486583
13250,2044,2,1,91.41323792486583
13272,2044,0,3,91.41323792486583
13294,2045,2,1,91.45796064400716
13316,2045,3,0,91.45796064400716
13338,2045,2,1,91.45796064400716
13360,2045,2,1,91.45796064400716
13382,2051,0,3,91.7262969588551
13404,2051,2,1,91.7262969588551
13426,2055,1,2,91.90518783542039
13447,2061,1,2,92.17352415026834
13469,2077,0,3,92.88908765652951
13491,2094,1,2,93.64937388193202
13513,2104,0,3,94.09660107334525
13535,2109,0,3,94.32021466905188
13557,2124,2,1,94.99105545617174
13579,2143,3,0,95.84078711985688
13601,2140,2,0,95.70661896243293
13623,2144,0,2,95.8855098389982
13645,2146,2,0,95.97495527728086
13667,2159,1,1,96.55635062611807
13688,2167,2,0,96.91413237924866
13710,2167,0,2,96.91413237924866
13732,2173,2,0,97.1824686940966
13754,2184,0,2,97.67441860465115
13776,2191,2,0,97.98747763864043
13798,2199,2,0,98.34525939177102
13820,2199,2,0,98.34525939177102
13842,2199,2,0,98.34525939177102
13864,2199,2,0,98.34525939177102
13886,2199,0,2,98.34525939177102
13908,2201,1,1,98.43470483005366
13930,2206,0,2,98.65831842576029
13952,2210,1,1,98.83720930232558
13974,2211,1,1,98.8819320214669
13996,2211,1,1,98.8819320214669
14018,2211,1,1,98.8819320214669
14040,2211,2,0,98.8819320214669
14061,2211,1,1,98.8819320214669
14083,2212,0,2,98.92665474060823
14105,2212,0,2,98.92665474060823
14127,2214,1,1,99.01610017889088
14149,2217,0,2,99.15026833631485
14171,2218,1,1,99.19499105545617
14193,2220,0,2,99.28443649373881
14215,2220,1,1,99.28443649373881
14237,2220,1,1,99.28443649373881
14258,2220,2,0,99.28443649373881
14280,2220,1,1,99.28443649373881
14302,2222,1,1,99.37388193202146
14324,2222,1,1,99.37388193202146
14346,2222,1,1,99.37388193202146
14368,2222,2,0,99.37388193202146
14390,2222,1,1,99.37388193202146
14412,2222,1,1,99.37388193202146
14434,2224,2,0,99.46332737030411
14456,2224,2,0,99.46332737030411
14477,2224,1,1,99.46332737030411
14499,2224,1,1,99.46332737030411
14521,2225,1,1,99.50805008944545
14543,2225,0,2,99.50805008944545
14564,2225,0,2,99.50805008944545
14586,2225,1,1,99.50805008944545
14608,2225,1,1,99.50805008944545
14630,2225,1,1,99.50805008944545
14652,2225,2,0,99.50805008944545
14674,2225,0,2,99.50805008944545
14696,2225,1,1,99.50805008944545
14718,2225,1,1,99.50805008944545
14740,2226,1,1,99.55277280858677
14762,2226,2,0,99.55277280858677
14784,2227,0,2,99.59749552772809
14806,2227,1,1,99.59749552772809
14828,2228,1,1,99.6422182468694
14850,2228,1,1,99.6422182468694
14871,2228,0,2,99.6422182468694
14893,2228,0,2,99.6422182468694
14915,2228,1,1,99.6422182468694
14936,2228,1,1,99.6422182468694
14958,2228,1,1,99.6422182468694
14980,2228,1,1,99.6422182468694
15002,2229,0,2,99.68694096601072
15024,2229,1,1,99.68694096601072
15046,2229,1,1,99.68694096601072
15068,2229,2,0,99.68694096601072
15090,2229,0,2,99.68694096601072
15112,2229,1,1,99.68694096601072
15134,2229,0,2,99.68694096601072
15155,2229,2,0,99.68694096601072
15177,2229,0,2,99.68694096601072
15199,2229,0,2,99.68694096601072
15221,2230,1,1,99.73166368515206
15243,2231,0,2,99.77638640429338
15265,2231,0,2,99.77638640429338
15287,2231,1,1,99.77638640429338
15309,2231,0,2,99.77638640429338
15331,2231,2,0,99.77638640429338
15353,2231,1,1,99.77638640429338
15375,2231,0,2,99.77638640429338
15397,2231,1,1,99.77638640429338
15419,2231,0,2,99.77638640429338
15441,2231,1,1,99.77638640429338
15463,2231,1,1,99.77638640429338
15484,2231,2,0,99.77638640429338
15506,2231,1,1,99.77638640429338
15528,2231,0,2,99.77638640429338
15550,2231,2,0,99.77638640429338
15572,2231,1,1,99.77638640429338
15594,2231,1,1,99.77638640429338
15616,2231,2,0,99.77638640429338
15638,2231,1,1,99.77638640429338
15660,2231,2,0,99.77638640429338
15681,2231,0,2,99.77638640429338
15703,2231,1,1,99.77638640429338
15725,2231,1,1,99.77638640429338
15747,2231,1,1,99.77638640429338
15769,2231,1,1,99.77638640429338
15791,2231,1,1,99.77638640429338
15813,2231,0,2,99.77638640429338
15835,2231,2,0,99.77638640429338
15857,2231,2,0,99.77638640429338
15879,2231,2,0,99.77638640429338
15901,2231,1,1,99.77638640429338
15922,2231,2,0,99.77638640429338
15944,2231,1,1,99.77638640429338
15966,2231,2,0,99.77638640429338
15988,2231,1,1,99.77638640429338
16010,2232,0,2,99.82110912343471
16032,2232,2,0,99.82110912343471
16054,2232,2,0,99.82110912343471
16076,2232,1,1,99.82110912343471
16098,2232,0,2,99.82110912343471
16120,2232,2,0,99.82110912343471
16142,2232,2,0,99.82110912343471
16163,2232,0,2,99.82110912343471
16185,2232,0,2,99.82110912343471
16207,2232,1,1,99.82110912343471
16229,2232,1,1,99.82110912343471
16251,2232,2,0,99.82110912343471
16273,2232,2,0,99.82110912343471
16295,2232,2,0,99.82110912343471
16317,2232,1,1,99.82110912343471
16338,2232,1,1,99.82110912343471
16359,2232,2,0,99.82110912343471
16381,2232,0,2,99.82110912343471
16403,2232,1,1,99.82110912343471
16425,2232,2,0,99.82110912343471
16447,2232,0,2,99.82110912343471
16468,2232,1,1,99.82110912343471
16490,2232,1,1,99.82110912343471
16512,2232,0,2,99.82110912343471
16533,2232,0,2,99.82110912343471
16555,2232,2,0,99.82110912343471
16577,2232,2,0,99.82110912343471
16598,2232,2,0,99.82110912343471
16619,2232,1,1,99.82110912343471
16641,2232,0,2,99.82110912343471
16663,2233,1,1,99.86583184257603
16685,2233,2,0,99.86583184257603
16707,2233,1,1,99.86583184257603
16729,2233,0,2,99.86583184257603
16751,2233,1,1,99.86583184257603
16773,2233,1,1,99.86583184257603
16795,2233,0,2,99.86583184257603
16816,2233,0,2,99.86583184257603
16838,2233,2,0,99.86583184257603
16860,2233,1,1,99.86583184257603
16882,2233,0,2,99.86583184257603
16904,2233,2,0,99.86583184257603
16926,2233,2,0,99.86583184257603
16948,2233,0,2,99.86583184257603
16970,2234,2,0,99.91055456171736
16992,2234,1,1,99.91055456171736
17014,2234,1,1,99.91055456171736
17036,2234,0,2,99.91055456171736
17058,2234,1,1,99.91055456171736
17079,2234,1,1,99.91055456171736
17101,2234,0,2,99.91055456171736
17123,2234,1,1,99.91055456171736
17145,2234,2,0,99.91055456171736
17167,2234,2,0,99.91055456171736
17189,2234,0,2,99.91055456171736
17211,2234,2,0,99.91055456171736
17233,2234,1,1,99.91055456171736
17255,2234,1,1,99.91055456171736
17277,2234,1,1,99.91055456171736
17299,2234,1,1,99.91055456171736
17321,2234,0,2,99.91055456171736
17343,2234,0,2,99.91055456171736
17365,2234,1,1,99.91055456171736
17387,2234,0,2,99.91055456171736
17409,2234,2,0,99.91055456171736
17431,2234,1,1,99.91055456171736
17453,2234,1,1,99.91055456171736
17475,2234,1,1,99.91055456171736
17496,2234,1,1,99.91055456171736
17518,2234,1,1,99.91055456171736
17540,2234,2,0,99.91055456171736
17562,2234,1,1,99.91055456171736
17584,2234,1,1,99.91055456171736
17606,2234,1,1,99.91055456171736
17628,2234,0,2,99.91055456171736
17650,2234,1,1,99.91055456171736
17672,2234,1,1,99.91055456171736
17694,2234,1,1,99.91055456171736
17716,2234,1,1,99.91055456171736
17738,2234,1,1,99.91055456171736
17760,2234,2,0,99.91055456171736
17782,2234,2,0,99.91055456171736
17804,2234,1,1,99.91055456171736
17826,2234,1,1,99.91055456171736
17848,2234,0,2,99.91055456171736
17869,2234,1,1,99.91055456171736
17891,2234,0,2,99.91055456171736
17913,2234,1,1,99.91055456171736
17935,2234,2,0,99.91055456171736
17957,2234,1,1,99.91055456171736
17979,2234,1,1,99.91055456171736
18001,2234,2,0,99.91055456171736
18023,2234,0,2,99.91055456171736
18045,2234,1,1,99.91055456171736
18067,2234,0,2,99.91055456171736
18089,2234,0,2,99.91055456171736
18111,2234,2,0,99.91055456171736
18133,2234,1,1,99.91055456171736
18154,2234,1,1,99.91055456171736
18176,2234,2,0,99.91055456171736
18198,2234,0,2,99.91055456171736
18220,2234,1,1,99.91055456171736
18242,2234,0,2,99.91055456171736
18264,2234,1,1,99.91055456171736
18286,2234,0,2,99.91055456171736
18308,2234,0,2,99.91055456171736
18330,2234,1,1,99.91055456171736
18352,2234,1,1,99.91055456171736
18373,2234,2,0,99.91055456171736
18395,2235,1,1,99.95527728085868
18416,2235,1,1,99.95527728085868
18438,2235,1,1,99.95527728085868
18460,2235,2,0,99.95527728085868
18482,2235,1,1,99.95527728085868
18504,2235,1,1,99.95527728085868
18526,2235,1,1,99.95527728085868
18548,2235,1,1,99.95527728085868
18569,2235,1,1,99.95527728085868
18591,2235,1,1,99.95527728085868
18613,2235,1,1,99.95527728085868
18635,2235,0,2,99.95527728085868
18657,2235,1,1,99.95527728085868
18679,2235,1,1,99.95527728085868
18701,2235,1,1,99.95527728085868
18723,2235,2,0,99.95527728085868
18745,2235,1,1,99.95527728085868
18767,2235,2,0,99.95527728085868
18789,2235,1,1,99.95527728085868
18810,2235,2,0,99.95527728085868
18831,2235,2,0,99.95527728085868
18852,2235,1,1,99.95527728085868
18873,2235,1,1,99.95527728085868
18895,2235,2,0,99.95527728085868
18917,2235,2,0,99.95527728085868
18939,2235,1,1,99.95527728085868
18961,2235,2,0,99.95527728085868
18983,2235,2,0,99.95527728085868
19005,2235,1,1,99.95527728085868
19027,2235,0,2,99.95527728085868
19049,2235,1,1,99.95527728085868
19071,2235,2,0,99.95527728085868
19093,2235,1,1,99.95527728085868
19115,2235,0,2,99.95527728085868
19137,2235,1,1,99.95527728085868
19159,2235,0,2,99.95527728085868
19181,2235,2,0,99.95527728085868
19202,2235,1,1,99.95527728085868
19224,2235,0,2,99.95527728085868
19246,2235,1,1,99.95527728085868
19268,2235,2,0,99.95527728085868
19290,2235,1,1,99.95527728085868
19312,2235,0,2,99.95527728085868
19334,2235,0,2,99.95527728085868
19356,2235,2,0,99.95527728085868
19378,2235,1,1,99.95527728085868
19400,2235,1,1,99.95527728085868
19421,2235,1,1,99.95527728085868
19443,2235,2,0,99.95527728085868
19465,2235,1,1,99.95527728085868
19487,2235,2,0,99.95527728085868
19509,2235,1,1,99.95527728085868
19531,2235,2,0,99.95527728085868
19553,2235,2,0,99.95527728085868
19575,2235,2,0,99.95527728085868
19597,2235,1,1,99.95527728085868
19619,2235,1,1,99.95527728085868
19641,2235,2,0,99.95527728085868
19663,2235,0,2,99.95527728085868
19685,2235,1,1,99.95527728085868
19707,2235,0,2,99.95527728085868
19729,2235,2,0,99.95527728085868
19751,2235,0,2,99.95527728085868
19773,2235,2,0,99.95527728085868
19795,2235,0,2,99.95527728085868
19816,2235,0,2,99.95527728085868
19838,2235,1,1,99.95527728085868
19860,2235,2,0,99.95527728085868
19882,2235,1,1,99.95527728085868
19904,2235,1,1,99.95527728085868
19926,2235,0,2,99.95527728085868
19948,2235,1,1,99.95527728085868
19970,2235,1,1,99.95527728085868
19992,2235,1,1,99.95527728085868
20014,2235,1,1,99.95527728085868
20036,2235,1,1,99.95527728085868
20058,2235,0,2,99.95527728085868
20080,2235,1,1,99.95527728085868
20102,2235,2,0,99.95527728085868
20124,2235,1,1,99.95527728085868
20146,2235,1,1,99.95527728085868
20168,2235,1,1,99.95527728085868
20190,2236,1,1,100.0
20211,2236,1,1,100.0
20233,2236,2,0,100.0
20254,2236,1,1,100.0
20276,2236,1,1,100.0
20297,2236,1,1,100.0
20318,2236,2,0,100.0
20340,2236,0,2,100.0
20361,2236,1,1,100.0
20383,2236,1,1,100.0
20405,2236,0,2,100.0
20427,2236,2,0,100.0
20449,2236,1,1,100.0
20471,2236,1,1,100.0
20493,2236,1,1,100.0
20515,2236,2,0,100.0
20536,2236,1,1,100.0
20558,2236,0,2,100.0
20580,2236,1,1,100.0
20602,2236,1,1,100.0
20624,2236,2,0,100.0
20646,2236,2,0,100.0
20668,2236,2,0,100.0
20690,2236,1,1,100.0
20712,2236,2,0,100.0
20734,2236,1,1,100.0
20756,2236,1,1,100.0
20778,2236,1,1,100.0
20800,2236,1,1,100.0
20821,2236,1,1,100.0
20843,2236,0,2,100.0
20865,2236,1,1,100.0
20887,2236,2,0,100.0
20909,2236,2,0,100.0
20931,2236,0,2,100.0
20953,2236,2,0,100.0
20975,2236,2,0,100.0
20997,2236,0,2,100.0
21019,2236,2,0,100.0
21041,2236,2,0,100.0
21063,2236,0,2,100.0
21084,2236,1,1,100.0
21106,2236,1,1,100.0
21128,2236,1,1,100.0
21150,2236,1,1,100.0
21172,2236,0,2,100.0
21194,2236,1,1,100.0
21216,2236,1,1,100.0
21238,2236,1,1,100.0
21260,2236,1,1,100.0
21282,2236,1,1,100.0
21304,2236,1,1,100.0
21326,2236,2,0,100.0
21348,2236,0,2,100.0
21370,2236,2,0,100.0
21391,2236,1,1,100.0
21413,2236,1,1,100.0
21435,2236,1,1,100.0
21457,2236,0,2,100.0
21479,2236,1,1,100.0
21501,2236,0,2,100.0
21523,2236,0,2,100.0
21545,2236,2,0,100.0
21567,2236,1,1,100.0
21589,2236,1,1,100.0
21611,2236,0,2,100.0
21633,2236,1,1,100.0
21655,2236,1,1,100.0
21676,2236,2,0,100.0
21698,2236,1,1,100.0
21720,2236,1,1,100.0
21742,2236,1,1,100.0
21764,2236,1,1,100.0
21786,2236,1,1,100.0
21808,2236,1,1,100.0
21830,2236,2,0,100.0
21852,2236,0,2,100.0
21874,2236,2,0,100.0
21896,2226,0,1,99.55277280858677
21918,2226,1,0,99.55277280858677
21939,2226,1,0,99.55277280858677
21961,2226,0,1,99.55277280858677
21983,2226,1,0,99.55277280858677
22005,2226,0,1,99.55277280858677
22027,2226,1,0,99.55277280858677
22049,2226,1,0,99.55277280858677
22071,2226,0,1,99.55277280858677
22093,2226,0,1,99.55277280858677
22115,2226,0,1,99.55277280858677
22137,2226,0,1,99.55277280858677
22159,2226,0,1,99.55277280858677
22181,2226,1,0,99.55277280858677
22203,2226,0,1,99.55277280858677
22225,2226,1,0,99.55277280858677
22247,2226,1,0,99.55277280858677
22268,2226,1,0,99.55277280858677
22290,2226,1,0,99.55277280858677
22312,2226,0,1,99.55277280858677
22334,2226,1,0,99.55277280858677
22356,2226,0,1,99.55277280858677
22378,2226,0,1,99.55277280858677
22400,2226,0,1,99.55277280858677
22422,2226,1,0,99.55277280858677
22444,2226,1,0,99.55277280858677
22466,2226,0,1,99.55277280858677
22488,2226,0,1,99.55277280858677
22509,2226,0,1,99.55277280858677
22531,2226,1,0,99.55277280858677
22553,2226,0,1,99.55277280858677
22575,2226,0,1,99.55277280858677
22597,2226,1,0,99.55277280858677
22619,2226,1,0,99.55277280858677
22641,2226,1,0,99.55277280858677
22663,2226,1,0,99.55277280858677
22685,2226,0,1,99.55277280858677
22707,2226,0,1,99.55277280858677
22728,2226,1,0,99.55277280858677
22750,2226,1,0,99.55277280858677
22772,2226,1,0,99.55277280858677
22794,2226,0,1,99.55277280858677
22816,2226,1,0,99.55277280858677
22838,2226,0,1,99.55277280858677
22860,2226,0,1,99.55277280858677
22881,2226,0,1,99.55277280858677
22903,2226,0,1,99.55277280858677
22925,2226,0,1,99.55277280858677
22947,2226,0,1,99.55277280858677
22969,2226,0,1,99.55277280858677
22991,2226,1,0,99.55277280858677
23013,2226,1,0,99.55277280858677
23035,2226,1,0,99.55277280858677
23057,2226,1,0,99.55277280858677
23079,2226,1,0,99.55277280858677
23101,2226,0,1,99.55277280858677
23123,2226,1,0,99.55277280858677
23145,2226,1,0,99.55277280858677
23167,2226,0,1,99.55277280858677
23189,2226,0,1,99.55277280858677
23211,2226,1,0,99.55277280858677
23232,2226,0,1,99.55277280858677
23254,2226,1,0,99.55277280858677
23276,2226,0,1,99.55277280858677
23298,2226,1,0,99.55277280858677
23320,2226,0,1,99.55277280858677
23342,2226,1,0,99.55277280858677
23364,2226,0,1,99.55277280858677
23386,2226,0,1,99.55277280858677
23408,2226,1,0,99.55277280858677
23430,2226,1,0,99.55277280858677
23452,2226,0,1,99.55277280858677
23474,2226,0,1,99.55277280858677
23496,2226,0,1,99.55277280858677
23518,2226,0,1,99.55277280858677
23540,2226,1,0,99.55277280858677
23562,2226,0,1,99.55277280858677
23584,2226,1,0,99.55277280858677
23606,2226,1,0,99.55277280858677
23628,2226,0,1,99.55277280858677
23650,2226,0,1,99.55277280858677
23671,2226,1,0,99.55277280858677
23693,2226,1,0,99.55277280858677
23715,2226,0,1,99.55277280858677
23737,2226,0,1,99.55277280858677
23759,2226,1,0,99.55277280858677
23781,2226,1,0,99.55277280858677
23803,2226,0,1,99.55277280858677
23825,2226,1,0,99.55277280858677
23846,2226,1,0,99.55277280858677
23868,2226,0,1,99.55277280858677
23890,2226,1,0,99.55277280858677
23912,2226,0,1,99.55277280858677
23934,2226,1,0,99.55277280858677
23956,2226,1,0,99.55277280858677
23978,2226,0,1,99.55277280858677
24000,2226,1,0,99.55277280858677
24022,2226,0,1,99.55277280858677
24044,2226,1,0,99.55277280858677
24066,2226,0,1,99.55277280858677
24088,2226,0,1,99.55277280858677
24110,2226,1,0,99.55277280858677
24131,2226,1,0,99.55277280858677
24153,2226,1,0,99.55277280858677
24175,2226,0,1,99.55277280858677
24197,2226,0,1,99.55277280858677
24219,2226,1,0,99.55277280858677
24241,2226,1,0,99.55277280858677
24263,2226,1,0,99.55277280858677
24285,2226,1,0,99.55277280858677
24307,2226,0,1,99.55277280858677
24329,2226,1,0,99.55277280858677
24350,2226,1,0,99.55277280858677
24372,2226,1,0,99.55277280858677
24394,2226,1,0,99.55277280858677
24416,2226,0,1,99.55277280858677
24438,2226,0,1,99.55277280858677
24460,2226,1,0,99.55277280858677
24482,2226,0,1,99.55277280858677
24504,2226,1,0,99.55277280858677
24526,2226,0,1,99.55277280858677
24548,2226,0,1,99.55277280858677
24569,2226,0,1,99.55277280858677
24591,2226,0,1,99.55277280858677
24613,2226,0,1,99.55277280858677
24635,2226,0,1,99.55277280858677
24656,2226,0,1,99.55277280858677
24678,2226,0,1,99.55277280858677
24700,2226,1,0,99.55277280858677
24722,2226,1,0,99.55277280858677
24743,2226,1,0,99.55277280858677
24765,2226,1,0,99.55277280858677
24787,2226,0,1,99.55277280858677
24809,2226,0,1,99.55277280858677
24831,2226,1,0,99.55277280858677
24852,2226,0,1,99.55277280858677
24874,2226,1,0,99.55277280858677
24896,2226,1,0,99.55277280858677
24918,2226,1,0,99.55277280858677
24940,2226,1,0,99.55277280858677
24962,2226,1,0,99.55277280858677
24984,2226,1,0,99.55277280858677
25006,2226,1,0,99.55277280858677
25028,2226,1,0,99.55277280858677
25050,2226,0,1,99.55277280858677
25072,2226,1,0,99.55277280858677
25094,2226,0,1,99.55277280858677
25116,2226,1,0,99.55277280858677
25138,2226,0,1,99.55277280858677
25160,2226,0,1,99.55277280858677
25182,2226,1,0,99.55277280858677
25204,2226,0,1,99.55277280858677
25226,2226,0,1,99.55277280858677
25248,2226,0,1,99.55277280858677
25270,2226,0,1,99.55277280858677
25292,2226,0,1,99.55277280858677
25314,2226,1,0,99.55277280858677
25336,2226,1,0,99.55277280858677
25357,2226,1,0,99.55277280858677
25379,2226,0,1,99.55277280858677
25401,2226,0,1,99.55277280858677
25423,2226,1,0,99.55277280858677
25445,2226,0,1,99.55277280858677
25467,2226,0,1,99.55277280858677
25489,2226,0,1,99.55277280858677
25510,2226,1,0,99.55277280858677
25531,2226,1,0,99.55277280858677
25553,2226,1,0,99.55277280858677
25574,2226,0,1,99.55277280858677
25596,2226,0,1,99.55277280858677
25618,2226,1,0,99.55277280858677
25640,2226,1,0,99.55277280858677
25661,2226,1,0,99.55277280858677
25683,2226,0,1,99.55277280858677
25705,2226,0,1,99.55277280858677
25727,2226,0,1,99.55277280858677
25749,2226,1,0,99.55277280858677
25771,2226,1,0,99.55277280858677
25793,2226,0,1,99.55277280858677
25815,2226,0,1,99.55277280858677
25837,2226,0,1,99.55277280858677
25859,2226,0,1,99.55277280858677
25881,2226,0,1,99.55277280858677
25903,2226,0,1,99.55277280858677
25925,2226,1,0,99.55277280858677
25946,2226,1,0,99.55277280858677
25968,2226,1,0,99.55277280858677
25990,2226,1,0,99.55277280858677
26012,2226,1,0,99.55277280858677
26034,2226,0,1,99.55277280858677
26056,2226,1,0,99.55277280858677
26078,2226,0,1,99.55277280858677
26100,2226,1,0,99.55277280858677
26122,2226,1,0,99.55277280858677
26144,2226,0,1,99.55277280858677
26165,2226,1,0,99.55277280858677
26188,2226,1,0,99.55277280858677
26209,2226,0,1,99.55277280858677
26231,2226,0,1,99.55277280858677
26253,2226,1,0,99.55277280858677
26275,2226,0,1,99.55277280858677
26297,2226,0,1,99.55277280858677
26319,2226,1,0,99.55277280858677
26341,2226,1,0,99.55277280858677
26363,2226,1,0,99.55277280858677
26385,2226,0,1,99.55277280858677
26407,2226,0,1,99.55277280858677
26428,2226,0,1,99.55277280858677
26450,2226,1,0,99.55277280858677
26472,2226,1,0,99.55277280858677
26494,2226,0,1,99.55277280858677
26516,2226,0,1,99.55277280858677
26538,2226,0,1,99.55277280858677
26560,2226,1,0,99.55277280858677
26582,2226,0,1,99.55277280858677
26603,2226,1,0,99.55277280858677
26625,2226,0,1,99.55277280858677
26647,2226,1,0,99.55277280858677
26669,2226,0,1,99.55277280858677
26691,2226,0,1,99.55277280858677
26713,2226,0,1,99.55277280858677
26735,2226,1,0,99.55277280858677
26757,2226,1,0,99.55277280858677
26779,2226,0,1,99.55277280858677
26801,2226,1,0,99.55277280858677
26823,2226,1,0,99.55277280858677
26845,2226,1,0,99.55277280858677
26867,2226,1,0,99.55277280858677
26889,2226,0,1,99.55277280858677
26911,2226,1,0,99.55277280858677
26933,2226,1,0,99.55277280858677
26954,2226,1,0,99.55277280858677
26976,2226,0,1,99.55277280858677
26998,2226,0,1,99.55277280858677
27020,2226,0,1,99.55277280858677
27042,2226,1,0,99.55277280858677
27064,2226,1,0,99.55277280858677
27086,2226,1,0,99.55277280858677
27108,2226,1,0,99.55277280858677
27130,2226,0,1,99.55277280858677
27152,2226,0,1,99.55277280858677
27174,2226,1,0,99.55277280858677
27196,2226,1,0,99.55277280858677
27217,2226,0,1,99.55277280858677
27239,2226,1,0,99.55277280858677
27261,2226,1,0,99.55277280858677
27283,2226,0,1,99.55277280858677
27305,2226,0,1,99.55277280858677
27327,2226,0,1,99.55277280858677
27349,2226,0,1,99.55277280858677
27370,2226,1,0,99.55277280858677
27392,2226,1,0,99.55277280858677
27414,2226,0,1,99.55277280858677
27436,2226,1,0,99.55277280858677
27458,2226,1,0,99.55277280858677
27480,2226,0,1,99.55277280858677
27502,2226,1,0,99.55277280858677
27524,2226,0,1,99.55277280858677
27546,2226,0,1,99.55277280858677
27567,2226,0,1,99.55277280858677
27589,2226,0,1,99.55277280858677
27611,2226,0,1,99.55277280858677
27633,2226,1,0,99.55277280858677
27655,2226,0,1,99.55277280858677
27677,2226,0,1,99.55277280858677
27699,2226,0,1,99.55277280858677
27721,2226,1,0,99.55277280858677
27743,2226,0,1,99.55277280858677
27765,2226,0,1,99.55277280858677
27787,2226,0,1,99.55277280858677
27809,2226,1,0,99.55277280858677
27831,2226,0,1,99.55277280858677
27852,2226,1,0,99.55277280858677
27874,2226,1,0,99.55277280858677
27896,2226,1,0,99.55277280858677
27918,2226,1,0,99.55277280858677
27940,2226,1,0,99.55277280858677
27962,2226,1,0,99.55277280858677
27984,2226,0,1,99.55277280858677
28006,2226,0,1,99.55277280858677
28028,2226,0,1,99.55277280858677
28050,2226,1,0,99.55277280858677
28072,2226,1,0,99.55277280858677
28094,2226,0,1,99.55277280858677
28116,2226,0,1,99.55277280858677
28138,2226,0,1,99.55277280858677
28159,2226,0,1,99.55277280858677
28181,2226,1,0,99.55277280858677
28203,2226,1,0,99.55277280858677
28225,2226,1,0,99.55277280858677
28247,2226,1,0,99.55277280858677
28269,2226,0,1,99.55277280858677
28291,2226,0,1,99.55277280858677
28313,2226,1,0,99.55277280858677
28335,2226,1,0,99.55277280858677
28357,2226,1,0,99.55277280858677
28379,2226,0,1,99.55277280858677
28401,2226,0,1,99.55277280858677
28422,2226,0,1,99.55277280858677
28444,2226,1,0,99.55277280858677
28466,2226,0,1,99.55277280858677
28488,2226,1,0,99.55277280858677
28510,2226,1,0,99.55277280858677
28532,2226,1,0,99.55277280858677
28554,2226,0,1,99.55277280858677
28576,2226,1,0,99.55277280858677
28598,2226,0,1,99.55277280858677
28620,2226,0,1,99.55277280858677
28642,2226,1,0,99.55277280858677
28664,2226,1,0,99.55277280858677
28686,2226,1,0,99.55277280858677
28708,2226,0,1,99.55277280858677
28730,2226,1,0,99.55277280858677
28751,2226,1,0,99.55277280858677
28773,2226,1,0,99.55277280858677
28794,2226,1,0,99.55277280858677
28815,2226,0,1,99.55277280858677
28837,2226,1,0,99.55277280858677
28858,2226,1,0,99.55277280858677
28879,2226,1,0,99.55277280858677
28901,2226,1,0,99.55277280858677
28923,2226,1,0,99.55277280858677
28945,2226,0,1,99.55277280858677
28967,2226,0,1,99.55277280858677
28989,2226,0,1,99.55277280858677
29011,2226,0,1,99.55277280858677
29032,2226,0,1,99.55277280858677
29054,2226,0,1,99.55277280858677
29075,2226,1,0,99.55277280858677
29096,2226,0,1,99.55277280858677
29118,2226,0,1,99.55277280858677
29139,2226,0,1,99.55277280858677
29160,2226,1,0,99.55277280858677
29181,2226,1,0,99.55277280858677
29202,2226,1,0,99.55277280858677
29223,2226,0,1,99.55277280858677
29244,2226,1,0,99.55277280858677
29265,2226,1,0,99.55277280858677
29287,2226,0,1,99.55277280858677
29308,2226,1,0,99.55277280858677
29329,2226,1,0,99.55277280858677
29350,2226,1,0,99.55277280858677
29371,2226,0,1,99.55277280858677
29392,2226,0,1,99.55277280858677
29414,2226,0,1,99.55277280858677
29435,2226,1,0,99.55277280858677
29456,2226,0,1,99.55277280858677
29478,2226,0,1,99.55277280858677
29500,2226,1,0,99.55277280858677
29521,2226,1,0,99.55277280858677
29543,2226,1,0,99.55277280858677
29565,2226,1,0,99.55277280858677
29586,2226,1,0,99.55277280858677
29608,2226,1,0,99.55277280858677
29629,2226,0,1,99.55277280858677
29651,2226,1,0,99.55277280858677
29673,2226,0,1,99.55277280858677
29695,2226,1,0,99.55277280858677
29717,2226,1,0,99.55277280858677
29738,2226,0,1,99.55277280858677
29761,2226,0,1,99.55277280858677
29783,2226,0,1,99.55277280858677
29805,2226,1,0,99.55277280858677
29827,2226,0,1,99.55277280858677
29849,2226,0,1,99.55277280858677
29871,2226,1,0,99.55277280858677
29894,2226,1,0,99.55277280858677
29916,2226,0,1,99.55277280858677
29939,2226,1,0,99.55277280858677
29961,2226,1,0,99.55277280858677
29984,2226,1,0,99.55277280858677
30006,2226,0,1,99.55277280858677
30029,2226,1,0,99.55277280858677
30052,2226,0,1,99.55277280858677
30074,2226,1,0,99.55277280858677
30096,2226,1,0,99.55277280858677
30119,2226,0,1,99.55277280858677
30141,2226,0,1,99.55277280858677
30163,2226,0,1,99.55277280858677
30186,2226,1,0,99.55277280858677
30208,2226,1,0,99.55277280858677
30231,2226,1,0,99.55277280858677
30253,2226,0,1,99.55277280858677
30276,2226,0,1,99.55277280858677
30298,2226,0,1,99.55277280858677
30320,2226,0,1,99.55277280858677
30343,2226,1,0,99.55277280858677
30366,2226,0,1,99.55277280858677
30388,2226,1,0,99.55277280858677
30411,2226,0,1,99.55277280858677
30435,2226,1,0,99.55277280858677
30458,2226,1,0,99.55277280858677
30481,2226,0,1,99.55277280858677
30504,2226,1,0,99.55277280858677
30528,2226,0,1,99.55277280858677
30551,2226,0,1,99.55277280858677
30574,2226,0,1,99.55277280858677
30598,2226,1,0,99.55277280858677
30621,2226,1,0,99.55277280858677
30644,2226,0,1,99.55277280858677
30667,2226,0,1,99.55277280858677
30690,2226,0,1,99.55277280858677
30714,2226,0,1,99.55277280858677
30737,2226,0,1,99.55277280858677
30760,2226,0,1,99.55277280858677
30784,2226,1,0,99.55277280858677
30807,2226,0,1,99.55277280858677
30831,2226,0,1,99.55277280858677
30855,2226,0,1,99.55277280858677
30879,2226,1,0,99.55277280858677
30902,2226,0,1,99.55277280858677
30926,2226,1,0,99.55277280858677
30950,2226,1,0,99.55277280858677
30974,2226,0,1,99.55277280858677
30998,2226,0,1,99.55277280858677
31022,2226,0,1,99.55277280858677
31046,2226,1,0,99.55277280858677
31070,2226,0,1,99.55277280858677
31093,2226,1,0,99.55277280858677
31118,2226,1,0,99.55277280858677
31142,2226,0,1,99.55277280858677
31167,2226,0,1,99.55277280858677
31192,2226,1,0,99.55277280858677
31216,2226,1,0,99.55277280858677
31241,2226,0,1,99.55277280858677
31266,2226,0,1,99.55277280858677
31290,2226,0,1,99.55277280858677
31315,2226,1,0,99.55277280858677
31339,2226,0,1,99.55277280858677
31364,2226,1,0,99.55277280858677
31389,2226,1,0,99.55277280858677
31413,2226,1,0,99.55277280858677
31438,2226,0,1,99.55277280858677
31462,2226,1,0,99.55277280858677
31486,2226,1,0,99.55277280858677
31511,2226,1,0,99.55277280858677
31536,2226,0,1,99.55277280858677
31560,2226,1,0,99.55277280858677
31584,2226,0,1,99.55277280858677
31609,2226,1,0,99.55277280858677
31634,2226,0,1,99.55277280858677
31658,2226,0,1,99.55277280858677
31683,2226,0,1,99.55277280858677
31708,2226,0,1,99.55277280858677
31733,2226,1,0,99.55277280858677
31758,2226,0,1,99.55277280858677
31784,2226,1,0,99.55277280858677
31810,2226,0,1,99.55277280858677
31835,2226,1,0,99.55277280858677
31861,2226,0,1,99.55277280858677
31886,2226,0,1,99.55277280858677
31912,2226,1,0,99.55277280858677
31938,2226,1,0,99.55277280858677
31963,2226,1,0,99.55277280858677
31989,2226,0,1,99.55277280858677
32014,2226,1,0,99.55277280858677
32040,2226,1,0,99.55277280858677
32066,2226,0,1,99.55277280858677
32092,2226,1,0,99.55277280858677
32118,2226,1,0,99.55277280858677
32144,2226,1,0,99.55277280858677
32170,2226,0,1,99.55277280858677
32196,2226,1,0,99.55277280858677
32222,2226,0,1,99.55277280858677
32247,2226,1,0,99.55277280858677
32273,2226,1,0,99.55277280858677
32298,2226,0,1,99.55277280858677
32324,2226,1,0,99.55277280858677
32350,2226,0,1,99.55277280858677
32375,2226,1,0,99.55277280858677
32401,2226,1,0,99.55277280858677
32427,2226,1,0,99.55277280858677
32453,2226,0,1,99.55277280858677
32478,2226,1,0,99.55277280858677
32504,2226,0,1,99.55277280858677
32530,2226,0,1,99.55277280858677
32556,2226,1,0,99.55277280858677
32583,2226,1,0,99.55277280858677
32609,2226,0,1,99.55277280858677
32635,2226,0,1,99.55277280858677
32662,2226,1,0,99.55277280858677
32688,2226,1,0,99.55277280858677
32715,2226,1,0,99.55277280858677
32742,2226,1,0,99.55277280858677
32768,2226,0,1,99.55277280858677
32795,2226,1,0,99.55277280858677
32822,2226,1,0,99.55277280858677
32848,2226,0,1,99.55277280858677
32875,2226,1,0,99.55277280858677
32902,2226,1,0,99.55277280858677
32928,2226,1,0,99.55277280858677
32955,2226,0,1,99.55277280858677
32983,2226,1,0,99.55277280858677
33010,2226,0,1,99.55277280858677
33036,2226,0,1,99.55277280858677
33062,2226,1,0,99.55277280858677
33089,2226,1,0,99.55277280858677
33116,2226,1,0,99.55277280858677
33143,2226,0,1,99.55277280858677
33170,2226,0,1,99.55277280858677
33197,2226,0,1,99.55277280858677
33224,2226,1,0,99.55277280858677
33252,2226,0,1,99.55277280858677
33279,2226,1,0,99.55277280858677
33307,2226,0,1,99.55277280858677
33335,2226,1,0,99.55277280858677
33362,2226,1,0,99.55277280858677
33390,2226,0,1,99.55277280858677
33418,2226,1,0,99.55277280858677
33447,2226,1,0,99.55277280858677
33474,2226,0,1,99.55277280858677
33502,2226,1,0,99.55277280858677
33530,2226,0,1,99.55277280858677
33558,2226,1,0,99.55277280858677
33586,2226,0,1,99.55277280858677
33615,2226,1,0,99.55277280858677
33642,2226,0,1,99.55277280858677
33671,2226,1,0,99.55277280858677
33699,2226,0,1,99.55277280858677
33727,2226,0,1,99.55277280858677
33755,2226,0,1,99.55277280858677
33783,2226,1,0,99.55277280858677
33812,2226,1,0,99.55277280858677
33840,2226,0,1,99.55277280858677
33869,2226,1,0,99.55277280858677
33898,2226,1,0,99.55277280858677
33927,2226,1,0,99.55277280858677
33955,2226,1,0,99.55277280858677
33984,2226,1,0,99.55277280858677
34012,2226,1,0,99.55277280858677
34041,2226,1,0,99.55277280858677
34070,2226,1,0,99.55277280858677
34099,2226,0,1,99.55277280858677
34128,2226,0,1,99.55277280858677
34157,2226,1,0,99.55277280858677
34186,2226,1,0,99.55277280858677
34215,2226,1,0,99.55277280858677
34243,2226,0,1,99.55277280858677
34273,2226,1,0,99.55277280858677
34301,2226,1,0,99.55277280858677
34331,2226,0,1,99.55277280858677
34360,2226,1,0,99.55277280858677
34389,2226,1,0,99.55277280858677
34418,2226,0,1,99.55277280858677
34447,2226,1,0,99.55277280858677
34477,2226,0,1,99.55277280858677
34506,2226,1,0,99.55277280858677
34536,2226,1,0,99.55277280858677
34565,2226,1,0,99.55277280858677
34594,2226,0,1,99.55277280858677
34623,2226,1,0,99.55277280858677
34652,2226,1,0,99.55277280858677
34682,2226,0,1,99.55277280858677
34711,2226,1,0,99.55277280858677
34741,2226,0,1,99.55277280858677
34770,2226,0,1,99.55277280858677
34800,2226,0,1,99.55277280858677
34829,2226,0,1,99.55277280858677
34859,2226,0,1,99.55277280858677
34889,2226,1,0,99.55277280858677
34918,2226,0,1,99.55277280858677
34948,2226,1,0,99.55277280858677
34977,2226,0,1,99.55277280858677
35006,2226,1,0,99.55277280858677
35036,2226,0,1,99.55277280858677
35067,2226,0,1,99.55277280858677
35097,2226,0,1,99.55277280858677
35127,2226,0,1,99.55277280858677
35156,2226,0,1,99.55277280858677
35186,2226,1,0,99.55277280858677
35216,2226,0,1,99.55277280858677
35246,2226,1,0,99.55277280858677
35276,2226,0,1,99.55277280858677
35306,2226,0,1,99.55277280858677
35336,2226,1,0,99.55277280858677
35366,2226,0,1,99.55277280858677
35397,2226,0,1,99.55277280858677
35427,2226,0,1,99.55277280858677
35458,2226,1,0,99.55277280858677
35488,2226,0,1,99.55277280858677
35518,2226,1,0,99.55277280858677
35549,2226,0,1,99.55277280858677
35580,2226,0,1,99.55277280858677
35610,2226,1,0,99.55277280858677
35641,2226,0,1,99.55277280858677
35672,2226,0,1,99.55277280858677
35703,2226,1,0,99.55277280858677
35734,2226,0,1,99.55277280858677
35765,2226,0,1,99.55277280858677
35796,2226,1,0,99.55277280858677
35827,2226,1,0,99.55277280858677
35858,2226,1,0,99.55277280858677
35890,2226,0,1,99.55277280858677
35921,2226,0,1,99.55277280858677
35951,2226,1,0,99.55277280858677
35983,2226,1,0,99.55277280858677
36014,2226,0,1,99.55277280858677
36045,2226,0,1,99.55277280858677
36076,2226,1,0,99.55277280858677
36108,2226,1,0,99.55277280858677
36139,2226,0,1,99.55277280858677
36170,2226,1,0,99.55277280858677
36202,2226,1,0,99.55277280858677
36234,2226,1,0,99.55277280858677
36266,2226,1,0,99.55277280858677
36299,2226,0,1,99.55277280858677
36331,2226,0,1,99.55277280858677
36363,2226,1,0,99.55277280858677
36394,2226,0,1,99.55277280858677
36426,2226,1,0,99.55277280858677
36459,2226,0,1,99.55277280858677
36491,2227,0,1,99.59749552772809
36523,2227,1,0,99.59749552772809
36555,2227,1,0,99.59749552772809
36587,2227,0,1,99.59749552772809
36619,2227,1,0,99.59749552772809
36651,2227,1,0,99.59749552772809
36683,2227,1,0,99.59749552772809
36716,2227,1,0,99.59749552772809
36748,2227,1,0,99.59749552772809
36781,2227,1,0,99.59749552772809
36814,2227,0,1,99.59749552772809
36846,2227,1,0,99.59749552772809
36878,2227,0,1,99.59749552772809
36911,2227,1,0,99.59749552772809
36944,2227,0,1,99.59749552772809
36977,2227,1,0,99.59749552772809
37009,2227,0,1,99.59749552772809
37042,2227,1,0,99.59749552772809
37075,2227,0,1,99.59749552772809
37108,2227,1,0,99.59749552772809
37141,2227,0,1,99.59749552772809
37173,2227,1,0,99.59749552772809
37206,2227,1,0,99.59749552772809
37239,2227,1,0,99.59749552772809
37272,2227,1,0,99.59749552772809
37306,2227,0,1,99.59749552772809
37340,2227,1,0,99.59749552772809
37373,2227,0,1,99.59749552772809
37406,2227,0,1,99.59749552772809
37439,2227,0,1,99.59749552772809
37473,2227,0,1,99.59749552772809
37506,2227,0,1,99.59749552772809
37539,2227,1,0,99.59749552772809
37573,2227,0,1,99.59749552772809
37608,2227,1,0,99.59749552772809
37642,2227,0,1,99.59749552772809
37676,2227,1,0,99.59749552772809
37710,2227,0,1,99.59749552772809
37744,2227,0,1,99.59749552772809
37778,2227,1,0,99.59749552772809
37812,2227,0,1,99.59749552772809
37847,2227,1,0,99.59749552772809
37881,2227,0,1,99.59749552772809
37915,2227,0,1,99.59749552772809
37949,2227,0,1,99.59749552772809
37984,2227,1,0,99.59749552772809
38018,2227,0,1,99.59749552772809
38052,2227,1,0,99.59749552772809
38086,2227,0,1,99.59749552772809
38121,2227,1,0,99.59749552772809
38156,2227,0,1,99.59749552772809
38190,2227,0,1,99.59749552772809
38225,2227,0,1,99.59749552772809
38259,2227,0,1,99.59749552772809
38294,2227,0,1,99.59749552772809
38329,2227,0,1,99.59749552772809
38365,2227,1,0,99.59749552772809
38399,2227,1,0,99.59749552772809
38434,2227,1,0,99.59749552772809
38469,2227,0,1,99.59749552772809
38503,2227,0,1,99.59749552772809
38537,2227,0,1,99.59749552772809
38572,2227,0,1,99.59749552772809
38607,2227,1,0,99.59749552772809
38642,2227,1,0,99.59749552772809
38678,2227,1,0,99.59749552772809
38713,2227,0,1,99.59749552772809
38749,2227,1,0,99.59749552772809
38785,2227,0,1,99.59749552772809
38820,2227,1,0,99.59749552772809
38856,2227,0,1,99.59749552772809
38891,2227,1,0,99.59749552772809
38928,2227,0,1,99.59749552772809
38963,2227,1,0,99.59749552772809
38999,2227,1,0,99.59749552772809
39035,2227,1,0,99.59749552772809
39070,2227,1,0,99.59749552772809
39107,2227,1,0,99.59749552772809
39144,2227,0,1,99.59749552772809
39180,2227,1,0,99.59749552772809
39217,2227,0,1,99.59749552772809
39254,2227,0,1,99.59749552772809
39290,2227,1,0,99.59749552772809
39326,2227,0,1,99.59749552772809
39363,2227,0,1,99.59749552772809
39398,2227,1,0,99.59749552772809
39435,2227,0,1,99.59749552772809
39471,2227,0,1,99.59749552772809
39507,2227,1,0,99.59749552772809
39544,2227,0,1,99.59749552772809
39581,2227,0,1,99.59749552772809
39618,2227,1,0,99.59749552772809
39655,2227,0,1,99.59749552772809
39692,2227,1,0,99.59749552772809
39728,2227,0,1,99.59749552772809
39766,2227,1,0,99.59749552772809
39803,2227,1,0,99.59749552772809
39840,2227,1,0,99.59749552772809
39878,2227,0,1,99.59749552772809
39916,2227,0,1,99.59749552772809
39955,2227,0,1,99.59749552772809
39991,2227,1,0,99.59749552772809
40028,2227,0,1,99.59749552772809
40068,2227,1,0,99.59749552772809
40106,2227,1,0,99.59749552772809
40143,2227,0,1,99.59749552772809
40180,2227,0,1,99.59749552772809
40217,2227,1,0,99.59749552772809
40255,2227,0,1,99.59749552772809
40292,2227,0,1,99.59749552772809
40329,2227,0,1,99.59749552772809
40366,2227,0,1,99.59749552772809
40403,2227,0,1,99.59749552772809
40441,2227,0,1,99.59749552772809
40478,2227,0,1,99.59749552772809
40515,2227,0,1,99.59749552772809
40553,2227,1,0,99.59749552772809
40591,2227,0,1,99.59749552772809
40629,2227,0,1,99.59749552772809
40666,2227,1,0,99.59749552772809
40703,2227,0,1,99.59749552772809
40739,2227,1,0,99.59749552772809
40774,2227,1,0,99.59749552772809
40813,2227,0,1,99.59749552772809
40852,2227,0,1,99.59749552772809
40891,2227,1,0,99.59749552772809
40930,2227,1,0,99.59749552772809
40968,2227,0,1,99.59749552772809
41007,2227,1,0,99.59749552772809
41046,2227,0,1,99.59749552772809
41085,2227,1,0,99.59749552772809
41124,2227,0,1,99.59749552772809
41162,2227,0,1,99.59749552772809
41202,2227,0,1,99.59749552772809
41241,2227,0,1,99.59749552772809
41280,2227,1,0,99.59749552772809
41320,2227,0,1,99.59749552772809
41359,2227,1,0,99.59749552772809
41399,2227,0,1,99.59749552772809
41438,2227,0,1,99.59749552772809
41478,2227,1,0,99.59749552772809
41517,2227,1,0,99.59749552772809
41556,2227,0,1,99.59749552772809
41596,2227,0,1,99.59749552772809
41635,2227,1,0,99.59749552772809
41676,2227,0,1,99.59749552772809
41717,2227,1,0,99.59749552772809
41757,2227,0,1,99.59749552772809
41796,2227,1,0,99.59749552772809
41836,2227,0,1,99.59749552772809
41876,2227,0,1,99.59749552772809
41916,2227,0,1,99.59749552772809
41956,2227,0,1,99.59749552772809
41996,2227,0,1,99.59749552772809
42036,2227,0,1,99.59749552772809
42075,2227,1,0,99.59749552772809
42117,2227,1,0,99.59749552772809
42158,2227,1,0,99.59749552772809
42199,2227,0,1,99.59749552772809
42239,2227,0,1,99.59749552772809
42279,2227,0,1,99.59749552772809
42320,2228,0,1,99.6422182468694
42361,2228,1,0,99.6422182468694
42401,2228,1,0,99.6422182468694
42442,2228,1,0,99.6422182468694
42483,2228,1,0,99.6422182468694
42523,2228,0,1,99.6422182468694
42564,2228,0,1,99.6422182468694
42605,2228,1,0,99.6422182468694
42646,2228,0,1,99.6422182468694
42687,2230,0,1,99.73166368515206
42728,2230,1,0,99.73166368515206
42768,2230,0,1,99.73166368515206
42809,2231,0,1,99.77638640429338
42849,2232,0,1,99.82110912343471
42888,2232,0,1,99.82110912343471
42929,2232,0,1,99.82110912343471
42970,2232,0,1,99.82110912343471
43011,2232,1,0,99.82110912343471
43053,2232,0,1,99.82110912343471
43095,2232,1,0,99.82110912343471
43138,2232,0,1,99.82110912343471
43180,2232,0,1,99.82110912343471
43222,2232,0,1,99.82110912343471
43263,2232,0,1,99.82110912343471
43304,2232,0,1,99.82110912343471
43346,2232,0,1,99.82110912343471
43387,2232,1,0,99.82110912343471
43429,2232,1,0,99.82110912343471
43471,2232,1,0,99.82110912343471
43511,2232,0,1,99.82110912343471
43554,2232,0,1,99.82110912343471
43596,2232,1,0,99.82110912343471
43638,2232,1,0,99.82110912343471
43681,2232,0,1,99.82110912343471
43723,2232,0,1,99.82110912343471
43766,2232,0,1,99.82110912343471
43809,2232,0,1,99.82110912343471
43853,2232,1,0,99.82110912343471
43896,2232,1,0,99.82110912343471
43939,2232,0,1,99.82110912343471
43981,2232,0,1,99.82110912343471
44024,2232,1,0,99.82110912343471
44067,2232,0,1,99.82110912343471
44109,2232,1,0,99.82110912343471
44150,2232,1,0,99.82110912343471
44192,2232,1,0,99.82110912343471
44236,2232,1,0,99.82110912343471
44280,2232,1,0,99.82110912343471
44324,2232,0,1,99.82110912343471
44367,2232,0,1,99.82110912343471
44412,2232,1,0,99.82110912343471
44456,2232,1,0,99.82110912343471
44499,2232,0,1,99.82110912343471
44543,2232,0,1,99.82110912343471
44586,2232,0,1,99.82110912343471
44630,2232,0,1,99.82110912343471
44674,2232,0,1,99.82110912343471
44719,2232,1,0,99.82110912343471
44764,2232,0,1,99.82110912343471
44810,2232,1,0,99.82110912343471
44855,2232,1,0,99.82110912343471
44900,2232,0,1,99.82110912343471
44944,2232,1,0,99.82110912343471
44988,2232,0,1,99.82110912343471
45033,2232,1,0,99.82110912343471
45080,2232,0,1,99.82110912343471
45126,2232,1,0,99.82110912343471
45170,2232,1,0,99.82110912343471
45214,2232,0,1,99.82110912343471
45259,2232,0,1,99.82110912343471
45303,2232,0,1,99.82110912343471
45348,2232,0,1,99.82110912343471
45393,2232,0,1,99.82110912343471
45438,2232,0,1,99.82110912343471
45483,2232,0,1,99.82110912343471
45528,2232,0,1,99.82110912343471
45573,2232,1,0,99.82110912343471
45618,2232,0,1,99.82110912343471
45663,2232,1,0,99.82110912343471
45708,2232,1,0,99.82110912343471
45754,2232,0,1,99.82110912343471
45799,2232,1,0,99.82110912343471
45844,2232,0,1,99.82110912343471
45889,2232,0,1,99.82110912343471
